pc1_hydrogroups,pc2_hydrogroups,pc3_hydrogroups,pc4_hydrogroups,pc5_hydrogroups,pc6_hydrogroups,pc1_swe,pc2_swe,pc3_swe,pc4_swe,pc1_all_variables,pc2_all_variables,pc3_all_variables,pc4_all_variables,pc5_all_variables,pc6_all_variables,pc7_all_variables,pc8_all_variables,pc9_all_variables,pc10_all_variables,pc11_all_variables,pc12_all_variables,pc13_all_variables,pc14_all_variables,pc15_all_variables,pc16_all_variables,pc17_all_variables,pc18_all_variables,pc19_all_variables,pc20_all_variables,pc21_all_variables,pc22_all_variables,pc23_all_variables,pc24_all_variables,pc25_all_variables,pc26_all_variables,pc27_all_variables,pc28_all_variables,pc29_all_variables,us_tmax_1981_2010_int_cpg_all,us_precip_1981_2010_cpg_all,twi_100_int_cpg_all,swe_avg_0801_cpg_all,swe_avg_0701_cpg_all,swe_avg_0601_cpg_all,swe_avg_0501_cpg_all,swe_avg_0401_cpg_all,swe_avg_0301_cpg_all,streamslope_percent_int_cpg_all,slope_percent_int_cpg_all,silt_100_cpg_all,sep_et_2000_2015_cpg_all,sand_100_cpg_all,permeable_100_cpg_all,nlcd_2011_wetlands_100_cpg_all,nlcd_2011_forest_100_cpg_all,jul_et_2000_2015_cpg_all,impermeable_100_cpg_all,hydrogrp_d_100_cpg_all,hydrogrp_c_100_cpg_all,hydrogrp_b_100_cpg_all,hydrogrp_a_100_cpg_all,fac_taudem_17all_int,dwta_cpg_all,clay_100_cpg_all,baseflow_index_cpg_all,awc_int_100_cpg_all,aug_et_2000_2015_cpg_all,stream,site,value_tons,y,x
-173.87393188476563,31.2922306060791,14.283692359924316,-0.13751983642578125,-3.482760429382324,0.39597898721694946,-62.38588333129883,-3.6692757606506348,3.1916582584381104,0.5209924578666687,-26502.333984375,25874.67578125,338.9319152832031,-17.7081241607666,56.30400848388672,111.47004699707031,-23.453397750854492,-19.50570297241211,-1.6965287923812866,-29.28934669494629,-5.798844814300537,-7.824838161468506,-15.509867668151855,2.6406242847442627,0.7654115557670593,-5.248968124389648,-0.5733677744865417,-3.5596187114715576,-1.7717856168746948,-5.2554097175598145,-3.086104393005371,-2.615459442138672,-3.5284433364868164,0.3964342176914215,0.17666193842887878,0.1221359446644783,-1.4430233240127563,-0.8202665448188782,-0.05642787739634514,1036,62229,717,0,0,2,75,164,193,19,28,3506,18,4991,0,0,65,101,100,0,0,100,0,7866,201,1503,75,10,72,Fish Creek,FL8009,3.221,-114.6528690551349,48.1925090405758
6.292775630950928,70.32481384277344,-1.6042389869689941,-13.368626594543457,-2.1001274585723877,0.5249788165092468,-62.38588333129883,-3.6692757606506348,3.1916582584381104,0.5209924578666687,-8627.6083984375,23687.365234375,-553.5595703125,83.68769836425781,179.2212677001953,198.60806274414063,-68.41761779785156,9.394807815551758,-8.701869010925293,-27.825929641723633,18.961254119873047,13.353069305419922,0.2940281331539154,-6.035970687866211,-20.43730926513672,10.553445816040039,7.192032814025879,-4.3531060218811035,1.9289900064468384,2.877274751663208,-2.1462011337280273,-3.8436334133148193,0.7848695516586304,0.8373083472251892,0.2819812297821045,2.115690231323242,-0.8618658781051636,0.4499495327472687,0.08111772686243057,937,64421,709,0,1,26,181,290,275,17,28,4056,29,4303,17,0,55,115,83,0,0,100,0,25740,201,1640,74,10,85,Gregg Creek,FL8002,4.5581818181818186,-114.74305051375504,48.456729033288504
-125.0190200805664,57.78130340576172,20.91420555114746,-8.162313461303711,3.161694288253784,0.5275042653083801,-62.38588333129883,-3.6692757606506348,3.1916582584381104,0.5209924578666687,3090.13916015625,24491.53515625,594.7939453125,-460.7323303222656,147.77886962890625,111.45529174804688,-94.63858795166016,-5.123498916625977,-5.660924434661865,-34.76747512817383,-31.4840087890625,-10.478242874145508,-24.40338706970215,-9.763738632202148,1.2922953367233276,-4.545217990875244,-0.4735107719898224,-7.693648338317871,2.9638688564300537,3.169739007949829,-2.292478561401367,-1.9376044273376465,-2.1723222732543945,0.3421156704425812,1.0156973600387573,-0.12119600176811218,-0.279190331697464,0.29754382371902466,0.021503251045942307,1004,63625,795,0,0,2,90,210,223,8,14,3100,22,5123,0,0,66,108,100,0,0,100,0,37458,201,1778,74,9,79,Squaw Creek,FL8020,2.423333333333333,-114.77744260675742,48.27781110672268
-85.12068939208984,71.3071517944336,16.386943817138672,-12.168122291564941,0.8022010922431946,0.7822810411453247,-62.38588333129883,-3.6692757606506348,3.1916582584381104,0.5209924578666687,-29100.60546875,23733.294921875,710.39752197265625,-716.60968017578125,214.89376831054688,159.65538024902344,-52.19878005981445,13.143349647521973,-13.0261869430542,-22.380735397338867,-24.945016860961914,2.419776201248169,-14.42119026184082,-7.8522443771362305,7.8973188400268555,1.6279065608978271,2.5174360275268555,-7.224920272827148,4.462698459625244,2.141347646713257,-3.247729778289795,-1.0854196548461914,-3.1342098712921143,0.6688939929008484,0.6851298809051514,-0.08515097200870514,-1.446986198425293,-0.2698419988155365,-0.07287734001874924,984,64374,740,0,0,2,114,239,243,12,18,2880,25,5170,0,0,83,114,100,0,0,100,0,5267,201,1950,75,9,86,Squaw Creek Tributary,FL8021,1.610909090909091,-114.77206549739876,48.270218332267774
686.19769287109375,103.5025863647461,-4.694704055786133,-0.35842961072921753,-7.506574630737305,2.645529270172119,41.76719284057617,69.36559295654297,7.404384613037109,1.0662541389465332,99516.7890625,-46037.5,55.78064727783203,-234.28892517089844,209.8048095703125,-19.318906784057617,7.4549407958984375,142.1205291748047,48.648704528808594,-11.786788940429688,0.6983005404472351,-26.015838623046875,2.279451847076416,4.0562896728515625,-2.058633327484131,6.80387020111084,-2.972770929336548,-8.079638481140137,0.334006667137146,-2.4041268825531006,-1.8642830848693848,-0.6060140132904053,-4.305988311767578,2.863992691040039,0.05676303803920746,0.7328788042068481,-0.8562716841697693,-0.4338167905807495,-0.12203172594308853,851,134178,661,0,42,227,580,685,601,29,45,3819,33,4941,16,0,81,127,84,90,0,10,0,133861,201,1222,70,8,99,Sullivan Creek,FL4004,11.673333333333334,-113.70640540060543,48.006397325484656
857.10235595703125,-35.022701263427734,-27.155710220336914,23.030134201049805,3.7493972778320313,0.38101112842559814,51.02524185180664,75.85758209228516,7.778849124908447,1.1147218942642212,-22534.34375,-48643.98046875,-335.7259216308594,152.51499938964844,333.40948486328125,-39.669288635253906,-9.923272132873535,12.36800479888916,28.189556121826172,14.815774917602539,25.39457893371582,-7.388406276702881,27.581937789916992,-1.8877192735671997,14.592748641967773,-19.172006607055664,-3.2186331748962402,-2.993337869644165,3.5625548362731934,-2.1564273834228516,-0.340045690536499,7.499736309051514,-2.284031391143799,-0.40030235052108765,0.03869478031992912,-0.838788628578186,1.9352720975875854,0.02015657350420952,-0.048234518617391586,752,136739,664,2,73,387,726,723,617,28,37,4254,16,4692,28,0,78,98,72,98,0,2,0,11809,201,997,68,8,70,Whitcomb Creek Lower,FL4001,16.466923076923077,-113.3526833979154,47.950506271650184
888.74932861328125,-25.298446655273438,-29.34843635559082,24.194231033325195,3.162559747695923,1.0136338472366333,49.867984771728516,75.04608917236328,7.732040882110596,1.1086634397506714,-26683.52734375,-57056.76953125,-461.8216857910156,185.55067443847656,274.5399475097656,-50.32732391357422,-24.825244903564453,11.032465934753418,28.403656005859375,3.1064414978027344,17.065990447998047,-4.433747291564941,25.053314208984375,-5.890975475311279,14.83810043334961,-21.2752742767334,-1.1090556383132935,-6.823304653167725,6.477656364440918,-2.662888765335083,-0.7971563339233398,9.893321990966797,-0.9545665979385376,0.2416708767414093,-0.049077358096838,-0.14603379368782043,2.1064319610595703,0.09837605059146881,-0.039384376257658005,723,145150,675,1,71,390,744,744,635,25,32,4380,17,4618,22,0,77,98,78,97,0,3,0,7657,201,932,68,8,70,Whitcomb Creek Upper,FL4005,19.100833333333334,-113.35353107157515,47.95808357304354
626.47894287109375,65.6482162475586,-32.742454528808594,13.093193054199219,0.2791525423526764,-1.4139132499694824,32.633296966552734,61.46489715576172,7.019079685211182,1.0167045593261719,-14170.693359375,-35671.86328125,-114.74748992919922,56.641605377197266,239.9267120361328,52.44593048095703,-65.1552734375,53.368141174316406,41.70216751098633,47.779571533203125,114.49317932128906,13.149118423461914,20.783926010131836,-8.599248886108398,25.12398338317871,-7.853700637817383,-0.7271378040313721,-7.961468696594238,7.6332244873046875,-3.7707371711730957,1.8730510473251343,3.4544546604156494,1.1324656009674072,-1.7302123308181763,-0.013796214014291763,-1.1865044832229614,2.380810260772705,0.3164120316505432,-0.05943397432565689,753,123772,656,0,23,234,569,632,549,21,35,4029,15,4811,96,0,86,88,4,81,1,18,0,20177,201,1105,67,8,63,Challenge Creek,FL6005,3.975555555555556,-113.33021646231771,48.23198306902344
522.2850341796875,55.74302673339844,-42.01698303222656,9.11233139038086,-7.810042381286621,-0.9497036337852478,-14.938371658325195,29.60216522216797,5.110788822174072,0.7693894505500793,-22112.271484375,-27958.23828125,407.4013671875,-520.96685791015625,287.5580139160156,52.139652252197266,-46.48005294799805,42.19097137451172,15.96178150177002,-8.32969856262207,61.446441650390625,16.613269805908203,34.71173858642578,-7.7885661125183105,-10.550918579101563,-5.0322113037109375,1.2237200736999512,-8.684176445007324,3.4897408485412598,-7.07468318939209,-1.9523322582244873,0.5296473503112793,0.8368237018585205,-1.7496834993362427,0.6654579639434814,-1.8716273307800293,2.9705982208251953,0.43597835302352905,-0.018484238535165787,806,116061,685,0,19,199,519,566,494,19,32,3371,23,5113,53,0,59,105,47,41,0,59,0,12238,201,1494,67,8,79,Dodge Creek,FL6012,3.333333333333333,-113.33329866784479,48.23144139180228
341.7469177246094,92.719390869140625,-39.170623779296875,-6.713802814483643,-8.887709617614746,-1.028409481048584,-53.12783432006836,2.8227128982543945,3.5661227703094482,0.5694601535797119,-27658.1484375,-28313.533203125,944.61822509765625,-740.26287841796875,140.9970245361328,61.28803634643555,-73.01847839355469,31.288393020629883,7.49285888671875,-17.917844772338867,105.01341247558594,32.286861419677734,18.827545166015625,-11.29035472869873,-28.287931442260742,7.102425575256348,3.010364055633545,-12.114084243774414,5.966087818145752,-4.172920227050781,-0.895503580570221,1.4306352138519287,2.4917993545532227,-1.8651446104049683,0.7088005542755127,-1.8794406652450562,3.2772254943847656,0.5254026651382446,-0.0017216745764017105,806,116417,693,0,2,109,401,484,422,16,27,2959,21,5502,81,0,35,98,19,8,0,92,0,6692,201,1516,67,8,73,Skyland Creek West Fork,FL6010,3.379090909090909,-113.36009377695659,48.28061657633227
346.5021667480469,119.05426025390625,-22.424280166625977,-10.778209686279297,-7.783804893493652,-0.2013809084892273,7.670282363891602,37.97708511352539,5.945942401885986,0.8790906667709351,-21454.755859375,-41448.140625,420.5605163574219,-251.53529357910156,-46.76068115234375,64.74635314941406,-107.5125503540039,10.131278991699219,60.216312408447266,27.264530181884766,129.6268310546875,13.29867935180664,-16.488567352294922,-8.459837913513184,-19.1496524810791,7.9893012046813965,3.2575511932373047,-17.75584602355957,6.566718578338623,-4.898587226867676,4.631071090698242,4.630245685577393,4.883062839508057,-0.3913094103336334,0.2518385052680969,0.21366679668426514,3.5920329093933105,0.5061045289039612,0.0184753630310297,735,129550,686,0,4,96,386,500,441,20,30,3601,10,5199,100,0,25,72,0,55,5,40,0,12891,201,1146,67,8,46,Skyland Creek,FL6009,6.210909090909091,-113.36000519697075,48.28224006464003
643.28289794921875,43.33386993408203,8.18945026397705,-0.39011678099632263,7.523931503295898,1.5845112800598145,46.396217346191406,72.61158752441406,7.591616630554199,1.0904879570007324,4854.18310546875,-59176.16015625,-239.4625244140625,-25.320213317871094,15.761116981506348,-73.7144546508789,26.608028411865234,84.71531677246094,19.956768035888672,8.408535957336426,-6.950195789337158,-22.709224700927734,-8.307901382446289,-0.9534856677055359,-6.071599960327148,2.0478675365448,-2.5313472747802734,-0.9077315926551819,4.787064552307129,9.353157997131348,0.45056256651878357,0.5505428910255432,-5.621603012084961,1.7259427309036255,0.12481940537691116,1.9168634414672852,-3.509186029434204,-0.5324026346206665,-0.032825157046318054,829,147284,654,2,58,266,555,645,558,30,48,4167,35,4768,16,0,76,132,83,94,0,6,0,39194,201,1010,73,8,103,Wounded Buck Lower,FL6003,33.632,-113.95492792934681,48.26160645001316
542.27410888671875,88.78362274169922,-11.584518432617188,1.1496278047561646,3.8609580993652344,-1.013584852218628,53.33975601196289,77.48058319091797,7.872465133666992,1.1268388032913208,-20035.859375,-59053.5859375,-166.60292053222656,-157.63290405273438,-71.61048889160156,-47.32060623168945,28.789831161499023,100.72713470458984,46.90192794799805,0.6831309795379639,-18.911605834960938,-33.011905670166016,5.429803848266602,4.689096450805664,-10.776161193847656,1.9218909740447998,-2.5239439010620117,-7.698388576507568,6.072397232055664,7.722440719604492,-1.330694556236267,-0.22947759926319122,-6.654084205627441,-0.7954593896865845,0.24267052114009857,2.344524621963501,-3.569648504257202,-0.6919822096824646,-0.05921950936317444,841,147155,649,1,24,194,498,601,524,27,47,4062,35,4808,4,0,71,133,96,100,0,0,0,14304,201,1096,73,8,103,Wounded Buck Upper,FL6014,15.272,-113.95626249586967,48.243245426305954
177.64138793945313,59.878170013427734,-19.776351928710938,-11.449219703674316,-0.5282109975814819,0.14882679283618927,29.037370681762695,60.43911361694336,6.889495849609375,0.9996110796928406,176702.21875,-29417.291015625,167.6591796875,-52.625823974609375,-129.01803588867188,72.76984405517578,-36.89451599121094,-12.774466514587402,28.977615356445313,27.530685424804688,-24.685791015625,-26.678260803222656,14.921151161193848,13.5186767578125,7.259104251861572,9.86437702178955,-3.0809359550476074,-10.40863037109375,4.454275131225586,4.228226184844971,0.8300244212150574,-1.6832443475723267,0.8331862092018127,0.2987924814224243,-0.11439624428749084,-0.8400185704231262,-1.5747536420822144,-0.1824394166469574,-0.016299212351441383,815,117586,679,0,8,86,296,384,339,23,39,3822,28,5009,0,0,82,113,100,79,0,21,0,211052,196,1149,73,8,88,Big Creek at Lookout Bridge,FL7012,81.315,-114.22618797214525,48.59771274315873
339.0323486328125,38.175270080566406,-29.501728057861328,-8.16468620300293,0.08131852746009827,-0.2976168692111969,52.182498931884766,76.66908264160156,7.825656890869141,1.120780348777771,96538.546875,-39393.48828125,-241.03663635253906,111.71773529052734,-87.6573257446289,61.89801025390625,-44.638397216796875,-22.82221794128418,33.31705856323242,43.664634704589844,-20.503292083740234,-22.61174201965332,24.042390823364258,3.298987865447998,11.275952339172363,8.670804977416992,-3.0522000789642334,-8.006624221801758,2.8038792610168457,3.7050249576568604,1.700806975364685,-0.28919413685798645,4.126407146453857,0.10056861490011215,-0.13088737428188324,0.6432817578315735,-1.7525261640548706,-0.21007144451141357,0.01164515595883131,756,127533,675,1,22,153,403,467,399,27,42,4176,30,4733,6,0,85,111,94,99,0,1,0,130885,201,1045,73,8,86,Coal Creek Lower,FL7011,28.358888888888888,-114.31758748975894,48.674826666659285
393.4198303222656,20.25169563293457,-37.84112548828125,-5.678256511688232,0.22158853709697723,-0.30408143997192383,53.33975601196289,77.48058319091797,7.872465133666992,1.1268388032913208,25533.5078125,-45248.12109375,-375.4459228515625,169.69049072265625,-95.5816879272461,48.76537322998047,-52.56778335571289,-38.70179748535156,26.529743194580078,48.707828521728516,-11.301899909973145,-14.477129936218262,31.456106185913086,-1.330868124961853,13.894341468811035,6.94467830657959,-2.3285744190216064,-7.683377265930176,3.2802894115448,2.9983065128326416,1.985528826713562,-0.35192063450813293,4.180333137512207,0.010158704593777657,-0.0763520896434784,1.0728646516799927,-1.642976999282837,-0.1288556009531021,0.03597576916217804,725,133363,677,1,27,182,445,490,413,26,42,4306,29,4648,14,0,86,110,86,100,0,0,0,59878,201,985,73,8,84,Coal Creek North Fork,FL7009,12.515,-114.37753118562237,48.691385443069194
452.63092041015625,34.56132125854492,-32.60124588012695,-5.763766765594482,0.6127610206604004,0.985215425491333,52.182498931884766,76.66908264160156,7.825656890869141,1.120780348777771,7036.4453125,-48037.11328125,-266.39117431640625,55.48442077636719,-46.48080825805664,64.04107666015625,-46.449867248535156,-33.27067565917969,36.37791061401367,31.104326248168945,-18.148971557617188,-18.94745635986328,23.11416244506836,4.916764736175537,7.888277530670166,5.211600303649902,-2.264629364013672,-6.817368984222412,2.2858517169952393,2.654039144515991,1.224021077156067,0.08366676419973373,3.9939210414886475,1.3619245290756226,-0.2660020589828491,1.2227071523666382,-2.6779239177703857,-0.3797498941421509,0.00570616964250803,705,136146,668,0,30,193,473,530,448,29,44,4190,25,4727,0,0,78,104,100,99,0,1,0,41380,201,1035,74,8,78,Coal Creek South Fork,FL7010,11.322222222222223,-114.40320047899183,48.677111490281824
508.8896179199219,-15.297175407409668,-28.763774871826172,-1.1598724126815796,8.717798233032227,-0.2303905189037323,45.23896026611328,71.80009460449219,7.544808387756348,1.0844295024871826,119950.609375,-54458.41796875,-231.58042907714844,-98.664947509765625,-33.097755432128906,18.368701934814453,-53.558841705322266,-58.54855728149414,-1.261068344116211,51.251102447509766,11.542295455932617,-15.47815227508545,27.859798431396484,0.22046613693237305,13.597647666931152,-0.881667971611023,-2.7686169147491455,-2.515869617462158,5.436678409576416,7.970101833343506,3.226834297180176,-1.315712571144104,6.1100850105285645,-0.32283249497413635,0.0588185153901577,-1.3340011835098267,-2.5218124389648438,-0.3068583011627197,0.03485986217856407,686,142606,684,2,47,253,513,545,454,23,42,4105,27,4750,32,0,84,104,68,93,0,7,0,154292,201,1099,73,8,82,Whale Creek Lower,FL7002,16.330000000000002,-114.46252370384907,48.86447231424196
13.855969429016113,77.52516174316406,15.837503433227539,-4.57106876373291,-0.03030005842447281,0.28505316376686096,-62.38588333129883,-3.6692757606506348,3.1916582584381104,0.5209924578666687,264802.8125,-19233.35546875,1784.5673828125,-174.06973266601563,-159.81692504882813,-25.506513595581055,34.72724914550781,63.00605392456055,-19.476661682128906,-24.71756362915039,2.758300542831421,13.795465469360352,-15.184597969055176,4.274983882904053,6.316586494445801,4.557359218597412,-1.961560845375061,2.927293062210083,1.674511432647705,0.35950666666030884,2.205348491668701,-4.249536991119385,-0.014751352369785309,-0.16550537943840027,-0.133079394698143,-2.4890952110290527,0.7834181785583496,1.1023669242858887,0.06662487238645554,993,107432,649,0,2,32,172,294,294,29,45,2806,39,6235,14,0,94,128,86,0,0,100,0,299156,197,902,69,6,108,Vermillion River @ Red Bridge,KNF01,153,-115.52767640092883,47.84368316919896
-71.8164291381836,71.72608947753906,32.506290435791016,5.383504867553711,-1.307204008102417,0.09035289287567139,-44.64647674560547,3.650240898132324,-6.844006061553955,0.6743537187576294,101408.578125,-27499.142578125,1540.984619140625,-104.63827514648438,-350.5890808105469,-111.43257141113281,79.08353424072266,84.56586456298828,-12.312191009521484,-23.75741195678711,-25.06529426574707,-0.24365639686584473,-33.03414535522461,-2.454329490661621,3.639446973800659,-3.8162198066711426,6.406342029571533,5.32047176361084,2.6149520874023438,-4.040582656860352,-4.205021858215332,-1.6763627529144287,-5.27527379989624,-0.7064797878265381,-0.5099377632141113,-2.587054491043091,2.5296554565429688,0.2767137289047241,-0.4630836248397827,1077,115644,653,0,0,15,113,237,267,30,45,3026,42,6068,3,1,91,139,97,8,0,82,9,135759,199,824,67,7,117,Trout Creek,KNF02,104,-115.64338747916663,47.832353460876135
516.26885986328125,17.810813903808594,-20.210186004638672,6.92394495010376,10.916912078857422,0.014014187268912792,37.13816452026367,66.119598388671875,7.217152118682861,1.042020320892334,-1975.277587890625,-75742.6796875,-785.24224853515625,137.6189727783203,-309.58349609375,-124.14089965820313,47.14653015136719,28.878896713256836,20.87773895263672,-14.681848526000977,-20.323989868164063,-13.17682933807373,3.7623276710510254,-9.842369079589844,14.609297752380371,-6.531070232391357,0.28439682722091675,-1.2668629884719849,4.878337860107422,9.196290016174316,-0.5457639098167419,0.646526575088501,2.225102186203003,-0.5428339838981628,-0.20580171048641205,-3.123823642730713,1.5688669681549072,0.3820364475250244,0.08849727362394333,825,163849,656,0,35,238,503,559,479,27,48,4650,32,4397,0,0,83,111,100,86,0,14,0,32359,201,859,67,8,93,Flower Creek,KNF06,37.15,-115.60639660577797,48.344813137849805
-175.41110229492188,19.43595314025879,4.45409631729126,-8.1307954788208,3.6239259243011475,0.1783488243818283,-62.38588333129883,-3.6692757606506348,3.1916582584381104,0.5209924578666687,269889.5,11447.3525390625,-161.09378051757813,-7.13805627822876,-130.23558044433594,13.241424560546875,30.354248046875,35.34084701538086,-37.899600982666016,-23.89169692993164,-18.08779525756836,-2.5095367431640625,6.048865795135498,-0.3744593560695648,1.275810956954956,8.830235481262207,1.9143731594085693,1.1685473918914795,0.7423794269561768,7.901819229125977,-0.3951355218887329,-0.3557076156139374,0.6260683536529541,-0.24927078187465668,0.23790450394153595,-3.0743696689605713,2.569448709487915,0.05096958577632904,0.020618917420506477,1110,76757,708,0,0,8,80,166,176,20,29,3858,45,4638,10,0,86,135,89,0,0,100,0,304253,192,1493,69,10,115,Pipe Creek,KNF05,7.04,-115.59569796138004,48.42791520430886
-68.41508483886719,40.46845245361328,1.9955978393554688,-2.392925977706909,-3.7596077919006348,0.13243000209331512,-61.2286262512207,-2.8577771186828613,3.238466262817383,0.5270509123802185,68750.328125,43.51656723022461,355.0859375,36.20760726928711,-117.72868347167969,10.63599681854248,55.67518615722656,50.62934112548828,-23.332847595214844,-30.700485229492188,-4.597970485687256,5.298154830932617,3.6501376628875732,-2.6885478496551514,4.335836410522461,6.599602222442627,0.8272898197174072,4.573434829711914,-4.421555519104004,-2.112290143966675,-0.8132718205451965,-2.9027225971221924,0.24560461938381195,-0.2146659642457962,-0.039168406277894974,-1.5397334098815918,3.090573310852051,-0.8822529911994934,-0.06022214889526367,1068,88091,660,0,1,26,143,229,237,30,42,3642,41,5081,7,0,90,129,93,1,0,99,0,103110,201,1245,68,10,107,Quartz Creek,KNF03,32.11,-115.63611856351548,48.43969846844113
43.70520782470703,84.29429626464844,14.918590545654297,-2.2844953536987305,-3.2128586769104004,0.2733765244483948,-62.38588333129883,-3.6692757606506348,3.1916582584381104,0.5209924578666687,-4312.654296875,-11919.3837890625,742.045166015625,-146.17822265625,-84.18017578125,44.48574447631836,26.79044532775879,64.3071060180664,-23.56566619873047,-40.73227310180664,-7.767338275909424,5.101123809814453,-11.253281593322754,2.7747879028320313,7.585766792297363,3.014207124710083,2.506845474243164,1.983349323272705,0.32153359055519104,-3.0925729274749756,-0.7947949171066284,-4.459229946136475,0.6506192088127136,-0.06289259344339371,-0.18140074610710144,-2.2362060546875,1.2939101457595825,-0.6050246953964233,-0.06143331155180931,977,100029,655,0,2,36,190,311,312,27,42,3371,38,5393,0,0,97,127,100,0,0,100,0,30043,201,1209,69,9,106,Himes Creek,KNF04,8.77,-115.33754455656013,47.95388881554653
